,link
0,bangladesh
1,portsmouth
2,england
3,india
4,pompeii
5,spain
6,danube
7,hong kong
8,oil refinery
9,amsterdam
10,leonardo da vinci
11,italian
12,raphael
13,william hogarth
14,palace of westminster
15,augustus
16,sculpture
17,eastern
18,christian
19,jewish
20,hindu
21,islamic
22,buddhist
23,shinto
24,sikh
25,baha'i
26,science
27,geometry
28,ludwig van beethoven
29,frédéric chopin
30,felix mendelssohn
31,richard wagner
32,francisco goya
33,china
34,japan
35,japanese
36,coventry
37,st paul's cathedral
38,manchester
39,"geneva, switzerland"
40,berlin
41,dorset
42,australia
43,sahara
44,kashmir
45,allah
46,arabic
47,mecca
48,pakistan
49,16th century
50,jerusalem
51,italy
52,athens
53,greece
54,prague
55,george w. bush
56,oslo
57,norway
58,dalai lama
59,bishop tutu
60,vancouver
61,canada
62,carbon dioxide
63,industrial revolution
64,ice age
65,henry james
66,westminster abbey
67,earth's atmosphere
68,soviet union
69,vienna
70,london
71,wimbledon
72,helium
73,fig. 5
74,fig. 2
75,united states
76,bodyline
77,peter paul rubens
78,"national gallery, london"
79,warsaw
80,munich
81,agamemnon
82,odysseus
83,ezra pound
84,national gallery
85,lake tahoe
86,canterbury cathedral
87,andrew johnson
88,grover cleveland
89,condoleezza rice
90,beijing
91,california
92,boston
93,x11
94,british empire
95,guadeloupe
96,cassini
97,esa
98,jesus
99,sea of galilee
100,jazz
101,magnet
102,pope john paul ii
103,sequoia
104,sphere
105,roman
106,sweden
107,michelangelo
108,poland
109,france
110,henry moore
111,inca
112,zeus
113,himalayan
114,mount everest
115,charlemagne
116,chicago
117,russian
118,german
119,dutch
120,belgian
121,20th century
122,mona lisa
123,sultan
124,ottoman empire
125,canberra
126,honduras
127,papua new guinea
128,niger
129,granite
130,airbus a380
131,lunar
132,peregrine falcon
133,poem
134,piano
135,barn owl
136,vincent van gogh
137,pacific ocean
138,southern ocean
139,bucharest
140,akbar
141,18th century
142,hammurabi's code of laws
143,jacques-louis david
144,egyptian
145,denmark
146,richard
147,garter
148,mark webber
149,magna carta
150,ariel sharon
151,jordan
152,president of the united states
153,new york city
154,st. petersburg
155,tokyo
156,ronald reagan
157,"washington, d.c."
158,dublin
159,kievan
160,chocolate
161,santorini
162,gold
163,oils
164,cholera
165,florence nightingale
166,moon
167,new zealand
168,engineered
169,living systems
170,optical microscope
171,rome
172,switzerland
173,trafalgar square
174,order of the garter
175,edinburgh
176,louis armstrong
177,jupiter
178,roman god
179,romania
180,sermon on the mount
181,first council of nicaea
182,åland
183,modern iran.
184,music
185,czech republic
186,isle of wight
187,charles ii
188,karl marx
189,mumbai
190,nepal
191,11th century
192,mahabharata
193,qur'an
194,latin
195,bible
196,belgium
197,belfast
198,northern ireland
199,lyndon b. johnson
200,"martin luther king, jr."
201,aral sea
202,mediterranean
203,faroe islands
204,saladin
205,hiv
206,pope
207,tutu
208,heraldry
209,euro
210,croatia
211,luxembourg
212,finland
213,latin alphabet
214,cyprus
215,bulgaria
216,orthodox christianity
217,football
218,barcelona
219,united states house of representatives
220,thunderstorm
221,energy
222,light
223,nikola tesla
224,michael faraday
225,president
226,bush
227,homer
228,cornell university
229,university of chicago
230,thomas cranmer
231,books of common prayer
232,prince george
233,king george v
234,king edward viii
235,king george vi
236,trinity college
237,cambridge
238,larger image
239,scene
240,world heritage site
241,cambodia
242,palladian
243,hot air balloon
244,peter grimes
245,queen victoria
246,trumpet
247,chinese
248,kuwaiti
249,wales
250,the last supper
251,póvoa de varzim
252,portugal
253,max weber
254,international court of justice
255,the hague
256,european parliament
257,popular vote
258,brazil
259,democracy
260,united nations
261,tour de france
262,beer
263,tony blair
264,robert peel
265,albrecht dürer
266,rembrandt
267,jakarta
268,indonesia
269,paris
270,francis of assisi
271,hitler
272,nazism
273,communism
274,octavian
275,romulus augustus
276,byzantine empire
277,colley cibber
278,germany
279,sculptures
280,europe
281,édouard manet
282,royal navy
283,united kingdom
284,plymouth
285,lawrencium
286,dubnium
287,hf
288,name
289,appearance
290,rn
291,electrons
292,phase
293,bombay
294,occupation
295,nationality
296,british
297,novel
298,poetry
299,technetium
300,rhodium
301,fe
302,os
303,kr
304,mohs hardness
305,neutrons
306,tc
307,rh
308,
309,apollo
310,the holocaust
311,joel brand
312,gerald ford
313,dwight d. eisenhower
314,"los angeles, california"
315,american
316,physics
317,cornell
318,princeton
319,roman empire
320,western empire
321,eastern empire
322,scientific classification
323,plantae
324,binomial name
325,l.
326,queen elizabeth ii
327,time zone
328,industry
329,oil
330,natural gas
331,usd
332,employees
333,advertising
334,amtrak's
335,animalia
336,chordata
337,aves
338,corvus
339,linnaeus
340,astatine
341,francium
342,xe
343,uuo
344,gas
345,magnetic ordering
346,at
347,po
348,d
349,mammalia
350,ruthenium
351,palladium
352,co
353,ir
354,ru
355,pd
356,taipei
357,government
358,currency
359,un
360,singapore
361,atlantic ocean
362,admission to union
363,prime minister of the united kingdom
364,victoria
365,william ewart gladstone
366,edward vii
367,(and largest city)
368,kigali
369,french
370,english
371,uganda
372,democratic republic of the congo
373,tanzania
374,burundi
375,sovereign state
376,south africa
377,world war i
378,kt
379,gcb
380,scotland
381,north america
382,stockholm
383,mathematics
384,plato
385,aristotle
386,aquinas
387,spinoza
388,pascal
389,locke
390,leibniz
391,kant
392,tungsten
393,osmium
394,bh
395,ta
396,faroese
397,stamp
398,big bang
399,cosmic microwave background
400,hubble's law
401,inflation
402,metric expansion of space
403,universe
404,netherlands
405,royal marines
406,anglican
407,archbishop of canterbury
408,oxford
409,henry ii
410,john
411,english royalty
412,hymn of the russian federation
413,moscow
414,arctic ocean
415,baltic sea
416,estonia
417,latvia
418,lithuania
419,belarus
420,ukraine
421,north pacific ocean
422,georgia
423,azerbaijan
424,black sea
425,turkey
426,caspian sea
427,kazakhstan
428,turkmenistan
429,iran
430,mongolia
431,north korea
432,south korea
433,history of greece
434,minoan civilization
435,ancient greece
436,hellenistic greece
437,greek war of independence
438,ulysses s. grant
439,edward iii
440,henry iv
441,renaissance
442,russia
443,svalbard
444,israel
445,kyrgyzstan
446,abkhazia
447,south ossetia
448,→
449,milan
450,christianity
451,monarchy
452,roman law
453,usa
454,detroit
455,george h. w. bush
456,jimmy carter
457,sun
458,colours
459,yugoslavia
460,serbia
461,albania
462,european union members
463,austria
464,hungary
465,ireland
466,malta
467,slovakia
468,slovenia
469,north atlantic treaty organisation
470,bosnia and herzegovina
471,montenegro
472,kosovo
473,north sea
474,liechtenstein
475,basel
476,cologne
477,accession to eu
478,western roman empire
479,milvinae
480,people's republic of china
481,mao zedong
482,akira kurosawa
483,melbourne
484,mining
485,coal
486,iron
487,copper
488,uranium
489,diamonds
490,darmstadtium
491,ununbium
492,au
493,columbidae
494,pitt the younger
495,wellington
496,disraeli
497,gladstone
498,salisbury
499,baldwin
500,churchill
501,macmillan
502,wilson
503,callaghan
504,thatcher
505,blair
506,painting
507,carboniferous
508,vertebrata
509,sauropsida
510,testudines
511,plesiosauria
512,pterosauria
513,saurischia
514,ornithischia
515,european union
516,eu
517,steel
518,lead
519,zinc
520,silver
521,aluminium
522,gypsum
523,clothing
524,rail transportation equipment
525,ship
526,glass
527,crystal
528,tourism
529,uk
530,us dollars
531,irish sea
532,scouting
533,second boer war
534,order of the bath
535,international scouting movement
536,vietnam
537,thailand
538,myanmar
539,philippines
540,liverpool
541,krypton
542,strontium
543,k
544,cs
545,sr
546,edward v
547,henry vii
548,country
549,language
550,actinium
551,ba
552,ac
553,roentgenium
554,ununtrium
555,hg
556,mercury
557,protactinium
558,neptunium
559,nd
560,th
561,constitutional monarchy
562,queen
563,prime minister
564,acts of union
565,pound sterling
566,scottish gaelic
567,scots
568,#symbols
569,gb
570,kingdom
571,principality
572,redshift
573,war on terrorism
574,gnome
575,linux
576,barack obama
577,british virgin islands
578,east timor
579,ecuador
580,el salvador
581,marshall islands
582,micronesia
583,palau
584,panama
585,turks and caicos islands
586,grand slams
587,australian open
588,french open
589,ununquadium
590,tl
591,thallium
592,kiev
593,moldova
594,los angeles
595,denver
596,florida
597,atlanta
598,louisville
599,baltimore
600,minnesota
601,minneapolis
602,kansas city
603,las vegas
604,newark
605,columbus
606,oregon
607,rhode island
608,nashville
609,houston
610,salt lake city
611,richmond
612,seattle
613,west virginia
614,alternative rock
615,ununpentium
616,polonium
617,senate
618,house of representatives
619,speaker of the house
620,earths
621,gravity
622,m/s2
623,hydrogen
624,ammonia
625,capital
626,u.s.
627,george walker bush
628,independence
629,declared
630,united states dollar
631,district of columbia
632,states
633,rhode island
634,west virginia
635,american samoa
636,guam
637,northern mariana islands
638,puerto rico
639,virgin islands
640,baker island
641,howland island
642,jarvis island
643,johnston atoll
644,kingman reef
645,midway atoll
646,navassa island
647,palmyra atoll
648,wake island
649,icrm
650,interpol
651,nato
652,who
653,world trade organization
654,tashkent
655,spanish
656,montevideo
657,bristol
658,"chicago, il"
659,united states numbered highways
660,rutherford b. hayes
661,ununhexium
662,bi
663,bismuth
664,extrasolar planet
665,upsilon andromedae a
666,mj
667,rj
668,radon
669,united states constitution
670,last eruption
671,pb
672,democratic
673,kenya
674,sudan
675,rwanda
676,demographics
677,african union
678,algeria
679,angola
680,benin
681,botswana
682,burkina faso
683,cameroon
684,cape verde
685,central african republic
686,chad
687,comoros
688,democratic republic of the congo
689,republic of the congo
690,côte d'ivoire
691,djibouti
692,egypt
693,eritrea
694,ethiopia
695,equatorial guinea
696,gabon
697,the gambia
698,ghana
699,guinea
700,guinea-bissau
701,lesotho
702,liberia
703,libya
704,madagascar
705,malawi
706,mali
707,mauritania
708,mauritius
709,mozambique
710,namibia
711,nigeria
712,são tomé and príncipe
713,senegal
714,seychelles
715,sierra leone
716,somalia
717,south africa
718,swaziland
719,togo
720,tunisia
721,western sahara
722,zambia
723,zimbabwe
724,afghanistan
725,bahrain
726,brunei
727,guyana
728,iraq
729,kuwait
730,lebanon
731,maldives
732,malaysia
733,morocco
734,oman
735,qatar
736,saudi arabia
737,syria
738,tajikistan
739,uzbekistan
740,united arab emirates
741,yemen
742,bosnia and herzegovina
743,turkish republic of northern cyprus
744,united nations
745,antigua and barbuda
746,bahamas
747,barbados
748,belize
749,dominica
750,fiji
751,the gambia
752,grenada
753,jamaica
754,kiribati
755,nauru
756,saint kitts and nevis
757,saint lucia
758,saint vincent and the grenadines
759,samoa
760,sierra leone
761,solomon islands
762,sri lanka
763,tonga
764,trinidad and tobago
765,tuvalu
766,vanuatu
767,burkina faso
768,central african republic
769,côte d'ivoire
770,senufo
771,republic of the congo
772,equatorial guinea
773,abu dhabi
774,dubai
775,constitutional monarchy
776,great britain
777,argentina
778,roman catholic
779,manx
780,acetone
781,metals
782,chola empire
783,empire
784,"physicist,"
785,astronomer
786,alchemist
787,law
788,consumer protection
789,police
790,civil society
791,finance
792,corporate finance
793,new york
794,occupation(s)
795,thomas pynchon
796,new delhi
797,wikipedia
798,windows xp
799,microsoft
800,windows
801,elizabeth ii
802,tel aviv
803,holy roman empire
804,charles v
805,guernsey
806,indus valley civilization
807,war
808,weapons
809,siege
810,trench
811,military dictatorship
812,polemology
813,tehran
814,islamic republic
815,establishment
816,fossil
817,dinosauria
818,enlightenment
819,ethics
820,hume
821,descartes
822,rousseau
823,newton
824,nietzsche
825,wittgenstein
826,us$
827,conquest
828,union flag
829,book of kells
830,tellurium
831,xenon
832,br
833,indonesian
834,pianist
835,ba'athist iraq
836,dominican republic
837,nicaragua
838,armenia
839,iceland
840,almaty
841,budapest
842,buenos aires
843,cairo
844,caracas
845,venezuela
846,united arab emirates
847,cuba
848,saudi arabia
849,khartoum
850,rabat
851,rio de janeiro
852,sarajevo
853,shanghai
854,republic of macedonia
855,flag
856,hindi
857,ist
858,middle east
859,judaism
860,atheism
861,bahá'í faith
862,baghdad
863,↑
864,tigris
865,euphrates
866,cadmium
867,tin
868,ga
869,sn
870,paul cairns
871,terry wapram
872,bob sawyer
873,terry rance
874,mediterranean sea
875,manganese
876,cobalt
877,ar
878,cr
879,mn
880,lyon
881,glaciers
882,nuclear weapons
883,frankfurt am main
884,hebrew
885,west bank
886,dead sea
887,red sea
888,zionism
889,arab-israeli conflict
890,yom kippur war
891,platinum
892,mt
893,pt
894,middle ages
895,liberal democrats
896,the beatles
897,uss wisconsin
898,wisconsin (bb-64)
899,genetic data
900,protein
901,homo sapiens
902,diabetes mellitus
903,world war ii
904,muhammad
905,hymenoptera
906,arthropoda
907,taxonomy
908,ant
909,wasp
910,microsoft windows
911,languages
912,sanskrit
913,buddhism
914,hinduism
915,buddha
916,windows 2000
917,cold war
918,st. vincent
919,lion
920,greek
921,ears
922,maize
923,rice
924,wheat
925,nourishment
926,repubblica italiana
927,san marino
928,numismatist
929,vatican city
930,harold macmillan
931,heraldic
932,miguel de cervantes
933,galileo galilei
934,comet
935,turin
936,brussels
937,suffrage
938,christopher columbus
939,hamburg
940,dresden
941,cathedral
942,sanssouci palace
943,league of nations
944,←
945,eagle
946,tiger
947,adolf hitler
948,weimar republic
949,german reunification
950,modern germany
951,swastika
952,fascism
953,peak district
954,lake district
955,snowdonia
956,dartmoor
957,yorkshire dales
958,the broads
959,new forest
960,abuja
961,largest city
962,lagos
963,genoa
964,the aztec world
965,hernán cortés
966,p'yŏngyang
967,cu
968,seoul
969,nintendo ds
970,usd$
971,history of nuclear weapons
972,"seattle, washington"
973,nintendo
974,jpn
975,can
976,eur
977,cpu
978,super mario bros.
979,madrid
980,johannesburg
981,liberal democrats
982,plutonium
983,pm
984,pa
985,u
986,pu
987,pliocene
988,apollo 11
989,africa
990,dr congo
991,auckland
992,heliocentric
993,republic of ireland
994,afrikaans
995,coins
996,banknotes
997,circulating currencies
998,stocks
999,nazi germany
1000,kurt cobain
1001,fluorine
1002,sodium
1003,he
1004,bouvet island
1005,praseodymium
1006,promethium
1007,ce
1008,sm
1009,carbon
1010,oxygen
1011,p
1012,norwich
1013,(and largest city)
1014,const. monarchy
1015,zirconium
1016,molybdenum
1017,v
1018,zr
1019,mo
1020,instrument(s)
1021,guitar
1022,united states
1023,c
1024,quark
1025,parliamentary
1026,battle of austerlitz
1027,"arthur wellesley, 1st duke of wellington"
1028,"horatio nelson, 1st viscount nelson"
1029,mendelevium
1030,yb
1031,fm
1032,md
1033,ice hockey
1034,politics
1035,norfolk
1036,odin
1037,thor
1038,svartálfar
1039,washington
1040,cratons
1041,craton
1042,anguilla
1043,aruba
1044,bermuda
1045,ottawa
1046,cayman islands
1047,costa rica
1048,greenland
1049,guatemala
1050,haiti
1051,martinique
1052,mexico
1053,mexico city
1054,montserrat
1055,navassa island
1056,netherlands antilles
1057,puerto rico
1058,saint-pierre and miquelon
1059,literature
1060,book
1061,copenhagen
1062,danish
1063,27 million
1064,hampshire
1065,southampton
1066,sikkim
1067,saint helena
1068,aircraft
1069,carrier
1070,northern
1071,southern
1072,north
1073,south
1074,asia
1075,oceania
1076,arctic
1077,antarctic
1078,oceans
1079,pacific
1080,atlantic
1081,indian
1082,caravaggio
1083,diego velázquez
1084,anthony van dyck
1085,canaletto
1086,thomas gainsborough
1087,j. m. w. turner
1088,john constable
1089,paul cézanne
1090,claude monet
1091,soviet
1092,european
1093,north african
1094,british isles
1095,north africa
1096,economic
1097,vietnam war
1098,mongol empire
1099,multilingual
1100,perth
1101,galápagos islands
1102,herring gull
1103,great black-backed gull
1104,stornoway
1105,hebrides
1106,libreville
1107,google
1108,calculus
1109,immanuel kant
1110,bertrand russell
1111,vivien leigh
1112,$
1113,john adams
1114,gnu project
1115,glasgow
1116,chester a. arthur
1117,benjamin harrison
1118,william mckinley
1119,reggae
1120,folk music
1121,richard nixon
1122,bill clinton
1123,gaelic
1124,celtic
1125,celtic park
1126,marseille
1127,george ii
1128,george iv
1129,william iv
1130,detail
1131,windsor castle
1132,windsor
1133,europium
1134,terbium
1135,cm
1136,dy
1137,conakry
1138,bbc
1139,fungi
1140,gliese 876
1141,alfred the great
1142,canute
1143,st edward the confessor
1144,william i
1145,william ii
1146,henry i
1147,stephen
1148,richard i
1149,henry iii
1150,edward i
1151,edward ii
1152,richard ii
1153,henry v
1154,henry vi
1155,edward iv
1156,richard iii
1157,henry viii
1158,edward vi
1159,mary i
1160,elizabeth i
1161,james i
1162,charles i
1163,james ii
1164,mary ii
1165,william iii
1166,anne
1167,"oliver cromwell, lord protector"
1168,british royalty
1169,drought
1170,chinese text
1171,accra
1172,h5n1
1173,pr china
1174,laos
1175,world health organization
1176,sterling
1177,jersey
1178,me
1179,george iii
1180,cretaceous
1181,theropoda
1182,western
1183,bay of bengal
1184,ag
1185,rg
1186,edward viii
1187,george vi
1188,sandringham house
1189,george v
1190,sandringham
1191,electricity
1192,magnetism
1193,electric charge
1194,coulomb's law
1195,electric field
1196,maxwell's equations
1197,electromagnetic radiation
1198,electrical resistance
1199,capacitance
1200,inductance
1201,ethanol
1202,structure
1203,bologna
1204,irish
1205,radio
1206,bhutan
1207,china (prc)
1208,ganges
1209,internet
1210,gallium
1211,arsenic
1212,si
1213,sphenisciformes
1214,modern greek state
1215,greek revolutionaries
1216,roman greece
1217,battle of france
1218,great lakes
1219,germanium
1220,al
1221,in
1222,portuguese
1223,bissau
1224,colombia
1225,andes
1226,davis cup
1227,tennis
1228,athletics
1229,australian rules football
1230,american football
1231,ad
1232,reunification
1233,canada geese
1234,formula one
1235,aquila
1236,genetics
1237,george i
1238,georgetown
1239,laridae
1240,bantu
1241,indian ocean
1242,congo
1243,lusaka
1244,yttrium
1245,niobium
1246,ti
1247,y
1248,nb
1249,millard fillmore
1250,james knox polk
1251,cd
1252,harare
1253,state of israel
1254,dutch dialects
1255,brabantian
1256,hollandic
1257,west flemish
1258,east flemish
1259,sports
1260,16 cygni b
1261,e. pacific
1262,sydney
1263,lisbon
1264,pete sampras
1265,boris becker
1266,frankfurt
1267,stefan edberg
1268,john mcenroe
1269,björn borg
1270,tim henman
1271,history
1272,gautama buddha
1273,buddhahood
1274,pali canon
1275,españa (spain)
1276,river
1277,hydrology
1278,great bustard
1279,fedora core
1280,nicotiana tabacum
1281,tamil
1282,ernest hemingway
1283,réunion
1284,brighton
1285,adelaide
1286,13th century
1287,canterbury
1288,roman catholic church
1289,anglican communion
1290,i̇stanbul
1291,j. r. r. tolkien
1292,the lord of the rings
1293,wolfgang amadeus mozart
1294,the magic flute
1295,"denver, colorado"
1296,see text
1297,passeridae
1298,city
1299,são paulo
1300,common tern
1301,river thames
1302,2003 atlantic hurricane season
1303,benzene
1304,political philosophy
1305,thucydides
1306,corinthian war
1307,fyodor dostoevsky
1308,2005 atlantic hurricane season
1309,drama
1310,1
1311,diane keaton
1312,ra
1313,tunis
1314,islam
1315,acetic acid
1316,classification
1317,related instruments
1318,gadolinium
1319,dysprosium
1320,bk
1321,gd
1322,triassic
1323,scandium
1324,vanadium
1325,sc
1326,indium
1327,antimony
1328,ge
1329,sb
1330,prc
1331,aids
1332,devonian
1333,winter
1334,donald knuth
1335,invasion
1336,beatles for sale
1337,sgt. pepper's lonely hearts club band
1338,i want to hold your hand
1339,paul mccartney
1340,revolution
1341,hey jude
1342,thames
1343,basketball
1344,baseball
1345,flower
1346,tree
1347,bird
1348,taiwan
1349,manila
1350,saigon
1351,ho chi minh city
1352,san francisco
1353,cleveland
1354,pretoria
1355,lilongwe
1356,asunción
1357,paraguay
1358,dallas
1359,dakar
1360,banjul
1361,mbabane
1362,bolivia
1363,monrovia
1364,"perth, western australia"
1365,mineral
1366,mg
1367,o
1368,ceratopsidae
1369,ceratopsinae
1370,en:
1371,es:
1372,fr:
1373,ru:
1374,pt:
1375,he:
1376,brass
1377,lance armstrong
1378,frankenstein
1379,"detroit, michigan"
1380,r&b
1381,the supremes
1382,animation
1383,t. rex
1384,stoics
1385,nicolaus copernicus
1386,heliocentric system
1387,earth
1388,mars
1389,galileo
1390,enceladus
1391,ceres
1392,planet
1393,asteroid
1394,hubble space telescope
1395,cassini-huygens
1396,u.k.
1397,elizabeth ii of the united kingdom
1398,u.s. dollar
1399,logic
1400,mind
1401,st. augustine
1402,john locke
1403,dante
1404,saint petersburg
1405,prime ministers of the united kingdom
1406,peel
1407,the temptations
1408,2004 atlantic hurricane season
1409,tibet
1410,catholic church
1411,tower of london
1412,axe
1413,hafnium
1414,db
1415,w
1416,anglicanism
1417,english reformation
1418,apostolic succession
1419,episcopal polity
1420,book of common prayer
1421,erbium
1422,ytterbium
1423,er
1424,guitars
1425,bangkok
1426,military junta
1427,mao
1428,the hobbit
1429,hcl
1430,c. s. lewis
1431,"las vegas, nevada"
1432,rap
1433,uut
1434,u.s. open
1435,william renshaw
1436,martina navrátilová
1437,the marriage of figaro
1438,algiers
1439,newspaper
1440,thomas jefferson's
1441,adam smith's
1442,labor union
1443,re
1444,william howard taft
1445,"new york, new york"
1446,iodine
1447,se
1448,i
1449,tantalum
1450,rhenium
1451,sg
1452,zürich
1453,federal council
1454,south america
1455,andorrans
1456,chile
1457,peru
1458,uruguay
1459,english channel
1460,francis drake
1461,electronics
1462,zx spectrum
1463,gbp
1464,jordan river
1465,strigiformes
1466,tv
1467,christmas island
1468,rubidium
1469,ca
1470,rb
1471,scottish highlands
1472,freetown
1473,damascus
1474,saladin's grave in damascus
1475,parthenon
1476,assyrian
1477,peace
1478,republic of china
1479,bogotá
1480,hanoi
1481,anarchism
1482,marxism
1483,trade unionism
1484,utilitarianism
1485,na
1486,jp
1487,sodium sulfate
1488,chlorine
1489,visual binary orbit
1490,babe ruth
1491,falkland islands
1492,thomas becket
1493,sputnik 1
1494,sputnik 2
1495,explorer i
1496,space station
1497,mir
1498,iss
1499,royal air force
1500,united states of america
1501,hydrochloric acid
1502,lerwick
1503,abidjan
1504,bamako
1505,funchal
1506,lima
1507,macau sar
1508,osaka
1509,santiago
1510,toronto
1511,hutu
1512,tutsi
1513,sauropodomorpha
1514,cn
1515,nes
1516,famicom
1517,the rolling stones
1518,us
1519,cny
1520,riyadh
1521,persian gulf
1522,james bond
1523,politics in the united kingdom
1524,prime minister of the uk
1525,columba
1526,mikhail gorbachev
1527,bohrium
1528,neon
1529,magnesium
1530,li
1531,ne
1532,cpu(s)
1533,pollinator
1534,bratislava
1535,"""ports and versions"""
1536,mario
1537,day
1538,water
1539,insecta
1540,coleoptera
1541,u.s.a
1542,last supper
1543,m/d-21 blackbird
1544,film
1545,television
1546,semiconductors
1547,speed of light
1548,milky way
1549,galactic
1550,galactic plane
1551,nitrogen
1552,silicon
1553,destroyed 28 january 1986
1554,inca empire
1555,calcium
1556,titanium
1557,"dallas, texas"
1558,drawing
1559,photography
1560,cubism
1561,dada
1562,colombo
1563,university of cambridge
1564,god
1565,matilda of boulogne
1566,thai
1567,indian independence movement
1568,celtic mythology
1569,king arthur
1570,crusaders
1571,canterbury crusaders
1572,batman
1573,philosopher
1574,romanticism
1575,diplodocus carnegiei
1576,15th century
1577,1516
1578,andorra
1579,gibraltar
1580,the sea that begins in persia
1581,osama bin laden
1582,james joyce
1583,dante alighieri
1584,marcel proust
1585,scg
1586,serbia and montenegro
1587,first crusade
1588,cape town
1589,mogadishu
1590,gangtok
1591,la paz
1592,sucre
1593,brasília
1594,quito
1595,stanley
1596,french guiana
1597,south georgia and south sandwich islands
1598,suriname
1599,bromine
1600,s
1601,te
1602,as
1603,phosphorus
1604,cl
1605,reptilia
1606,pat cash
1607,colour
1608,destroyed 1 february 2003
1609,calgary
1610,istanbul
1611,kuwait city
1612,tripoli
1613,house sparrow
1614,donald duck
1615,existentialism
1616,religion
1617,aesthetics
1618,psychology
1619,luther
1620,socrates
1621,kafka
1622,ming dynasty
1623,university
1624,nahuatl language
1625,world cup
1626,animal rights
1627,abraham lincoln
1628,actor
1629,mythology
1630,northern africa
1631,eastern africa
1632,southern africa
1633,addis ababa
1634,nairobi
1635,antananarivo
1636,port louis
1637,mayotte
1638,maputo
1639,são tomé and príncipe
1640,são tomé
1641,western sahara
1642,el aaiún
1643,las palmas de gran canaria
1644,gaborone
1645,maseru
1646,porto-novo
1647,ouagadougou
1648,cape verde
1649,praia
1650,yamoussoukro
1651,gambia
1652,nouakchott
1653,lomé
1654,potassium
1655,selenium
1656,roman catholicism
1657,silurian
1658,swiss
1659,special relativity
1660,montreal
1661,john howard
1662,b
1663,macau
1664,pyongyang
1665,kuala lumpur
1666,myanmar (burma)
1667,gaza
1668,beirut
1669,muscat
1670,doha
1671,gettysburg
1672,southern united states
1673,lincoln
1674,frederick douglass
1675,grant
1676,sherman
1677,14th amendment
1678,ku klux klan
1679,capitalist
1680,ottoman
1681,macedon
1682,ussr
1683,wto
1684,roman britain
1685,anglo-saxon england
1686,martin van buren
1687,geneva
1688,the poet
1689,prunus
1690,whitney joins the jams
1691,currencies
1692,saturn v
1693,toluene
1694,emirate
1695,galaxy
1696,antarctica
1697,south georgia and the south sandwich islands
1698,laws in wales acts
1699,spiders
1700,crustacea
1701,barnacles
1702,james buchanan
1703,polish-soviet war
1704,virtuti militari
1705,george washington
1706,encyclopædia britannica
1707,telephone
1708,"sir robert peel, bt"
1709,mammals
1710,birds
1711,reptiles
1712,eukaryota
1713,leo tolstoy
1714,sheffield
1715,aus
1716,nz
1717,ijn
1718,cb
1719,minstrel show
1720,iranic peoples
1721,dates
1722,kerala
1723,arab league
1724,arab nations
1725,formic acid
1726,palestinian territories
1727,aiberdeen
1728,constituent country
1729,sovereign state
1730,economist
1731,medieval greece
1732,iron(iii) chloride
1733,curium
1734,np
1735,algerian
1736,€
1737,electron
1738,protons
1739,chemical element
1740,economics
1741,hobbes
1742,malthus
1743,keynes
1744,marx
1745,wtoo
1746,charles dickens
1747,radium
1748,thorium
1749,la
1750,fr
1751,ice
1752,goethe
1753,wagner
1754,species table
1755,open source
1756,benito mussolini
1757,auto racing
1758,clarinet
1759,bassoon
1760,harry s. truman
1761,herbert hoover
1762,supreme court of the united states
1763,nintendo of america
1764,nintendo entertainment system
1765,"3.5"" floppy disk"
1766,monaco
1767,bae systems
1768,helsinki
1769,parliamentary democracy
1770,basilica of san francesco d'assisi
1771,dove
1772,einsteinium
1773,cf
1774,es
1775,dna structure
1776,james watson
1777,dna
1778,british empiricism
1779,w. mark felt
1780,dvd
1781,french revolution
1782,white's tree frog
1783,nottingham
1784,philadelphia
1785,pelé
1786,diego maradona
1787,naoh
1788,salts
1789,atlantic slave trade
1790,lynton and barnstaple railway
1791,søren kierkegaard
1792,friedrich nietzsche
1793,jorge luis borges
1794,iridium
1795,hs
1796,carolus linnaeus
1797,cocos (keeling) islands
1798,norfolk island
1799,new caledonia
1800,federated states of micronesia
1801,northern mariana islands
1802,cook islands
1803,french polynesia
1804,niue
1805,pitcairn islands
1806,tokelau
1807,wallis and futuna
1808,polish
1809,star wars
1810,florida east coast railway
1811,meteorology
1812,urs
1813,fin
1814,carl lewis
1815,nor
1816,ger
1817,2
1818,antwerp
1819,3
1820,4
1821,turin (torino)
1822,5
1823,mps
1824,members of parliament (mps)
1825,senators
1826,romantic
1827,joan of arc
1828,flanders
1829,battle of cannae
1830,cannae
1831,alexander
1832,franklin d. roosevelt
1833,"kansas city, missouri"
1834,bacteria
1835,johnston atoll
1836,lutetium
1837,rf
1838,lu
1839,church of england
1840,ancient egypt
1841,mosaic
1842,henri matisse
1843,pablo picasso
1844,andy warhol
1845,zuid-gelders
1846,eastern orthodox church
1847,the bahamas
1848,neutron
1849,sulfuric acid
1850,castra
1851,catholicism
1852,richard i the lionheart
1853,meteorological history
1854,effects on new orleans
1855,levee failures
1856,ho chi minh
1857,lenin
1858,history of south africa in the apartheid era
1859,colorado river
1860,calvin coolidge
1861,global spread
1862,philosophy
1863,the franks
1864,grand duchy of luxembourg
1865,james callaghan
1866,lithium
1867,hirundinidae
1868,ecology
1869,hồ chí minh
1870,meitnerium
1871,medal of honour
1872,portuguese communist party
1873,henry viii of england
1874,ozone
1875,type a
1876,type j
1877,type e
1878,type h
1879,type d
1880,computers
1881,edward i longshanks
1882,desmond tutu
1883,rowan williams
1884,geography
1885,african geography
1886,it
1887,language and literature
1888,geography of asia
1889,design and technology
1890,art
1891,citizenship
1892,everyday life
1893,people
1894,chemistry
1895,biology
1896,european geography
1897,business studies
1898,geography of the middle east
1899,british history
1900,central & south american geography
1901,volcanoes
1902,james vi/james i of england
1903,prince james
1904,james vi
1905,prince charles
1906,james vii
1907,princess mary
1908,princess anne
1909,maya civilization
1910,missouri river
1911,*
1912,genghis khan
1913,bill gates
1914,publishing
1915,see complete listing.
1916,australian
1917,napoleon
1918,parliamentary republic
1919,benedictus xvi
1920,papal conclave
1921,gulf of mexico
1922,wayne rooney
1923,denis law
1924,american civil war
1925,trigonometry
1926,topology
1927,differential equations
1928,cryptography
1929,argon
1930,jet engine
1931,rail transport
1932,train
1933,derby
1934,berlin wall
1935,political economist
1936,gauss's law
1937,hassium
1938,volt
1939,m1 motorway
1940,qin dynasty
1941,qing dynasty
1942,parliamentary democracy
1943,gaza strip
1944,brabham
1945,gilles villeneuve
1946,chris evert
1947,chromium
1948,arithmetic
1949,johann sebastian bach
1950,socialism
1951,analytical marxism
1952,vladimir lenin
1953,leon trotsky
1954,capitalism
1955,che guevara
1956,mississippi river
1957,milton keynes
1958,leicester
1959,leeds
1960,m25 motorway
1961,m6 motorway
1962,birmingham
1963,himno nacional mexicano
1964,zachary taylor
1965,franklin pierce
1966,hurricane katrina
1967,etoh
1968,alcohols
1969,dice rolling
1970,counting
1971,astronomy
1972,"louisville, kentucky"
1973,mini
1974,humphry davy
1975,fermium
1976,nobelium
1977,tm
1978,no
1979,spanish name
1980,lake superior
1981,be
1982,uub
1983,karachi
1984,windows vista
1985,ms
1986,philip ii
1987,h
1988,n
1989,m/s²
1990,khumbu himal
1991,edmund hillary
1992,tenzing norgay
1993,brisbane
1994,andrew jackson
1995,william henry harrison
1996,atoms
1997,nazi
1998,election
1999,maya mythology
2000,gorilla
2001,synthesizer
2002,jews
2003,isaac
2004,united states senate
2005,"richmond, virginia"
2006,catholic
2007,commodore 64
2008,floppy disk
2009,odinic
2010,philosophy of mind
2011,education
2012,canis mesomelas
2013,canis simensis
2014,6th-century
2015,harold wilson
2016,margaret thatcher
2017,rudolf vrba
2018,thomas jefferson
2019,bob dylan
2020,eurovision
2021,yen
2022,charles i of england
2023,"river thames, london, england, united kingdom"
2024,"mary, queen of scots"
2025,princeton university
2026,ernest rutherford
2027,discovery of electron
2028,wikimedia foundation
2029,james polk
2030,john tyler
2031,4-2-0
2032,pennsylvania railroad
2033,"elizabeth ii, duke of normandy"
2034,super rugby
2035,hungarian
2036,game theory
2037,francis crick
2038,nickel
2039,thomas hobbes
2040,the romantic movement
2041,the relapse
2042,sulfur
2043,f
2044,burma
2045,roc
2046,americium
2047,berkelium
2048,am
2049,stephen harper
2050,triceratops
2051,"boston, massachusetts"
2052,pan paniscus
2053,roads
2054,hadrian's wall
2055,bear
2056,mathematician
2057,physicist
2058,quartz
2059,arecaceae
2060,scottish mythology
2061,boron
2062,julius caesar
2063,mark antony
2064,medicine
2065,botany
2066,saturn
2067,trains
2068,fidel castro
2069,castro
2070,architecture
2071,mitochondria
2072,atp
2073,codons
2074,eukaryotic
2075,selection pressure
2076,natural selection
2077,microscope
2078,louis pasteur
2079,watson
2080,crick
2081,martina navratilova
2082,arnold schwarzenegger
2083,california redwood
2084,wine
2085,san jose
2086,house of habsburg
2087,"felipe, prince of asturias (future philip ii)"
2088,philip ii (i of portugal)
2089,edmond halley
2090,aphid
2091,volga river
2092,russian federation
2093,spanish:
2094,english:
2095,saxophone
2096,james garfield
2097,"dakota, minnesota and eastern railroad"
2098,"chicago, illinois"
2099,citrus ×limon
2100,planetary nebula
2101,hst
2102,juvenile crime
2103,valparaíso
2104,easter island
2105,numismatics
2106,apple macintosh
2107,a. graveolens
2108,cultivar group
2109,seventh century
2110,geologist
2111,biologist
2112,the origin of species
2113,taiwan (roc)
2114,barium
2115,capitals
2116,warren g. harding
2117,p. leo
2118,james i of england
2119,oliver cromwell
2120,james ii and vii
2121,james ii & vii
2122,zn
2123,brunei darussalam
2124,ceylon
2125,isle of man
2126,st helena
2127,st kitts and nevis
2128,samoa and western samoa
2129,turks and caicos
2130,ni
2131,ninth century
2132,cooperative
2133,lille
2134,rotterdam
2135,f. silvestris
2136,soups
2137,bread
2138,tea
2139,other ingredients
2140,liberal democrat
2141,j. k. rowling
2142,lanthanum
2143,pr
2144,tyrannosaurus rex
2145,saurischian
2146,tyrannosaurus
2147,ornithischian
2148,walt disney
2149,$crooge
2150,john f. kennedy
2151,murray river
2152,aberdeen
2153,manchester united
2154,myth series
2155,mesopotamia
2156,the fertile crescent
2157,monty python
2158,gothenburg
2159,stuttgart
2160,miocene
2161,bottlenose dolphin
2162,details
2163,republic of liberia
2164,south asians
2165,europeans
2166,state
2167,brute force attack
2168,a new hope
2169,c. lupus
2170,solar system
2171,venus
2172,uranus
2173,neptune
2174,asteroids
2175,comets
2176,dundee
2177,national capital territory of delhi
2178,rutherfordium
2179,seaborgium
2180,sydney newman
2181,rock pigeon
2182,empiricism
2183,adam smith
2184,alexander hamilton
2185,darwin
2186,russell
2187,einstein
2188,permian
2189,cello
2190,pyramids
2191,tex
2192,anthropology
2193,holmium
2194,soccer ball
2195,r. buckminster-fuller
2196,cambrian
2197,pope benedict xvi
2198,#government
2199,simón bolívar
2200,guangzhou
2201,the philippines
2202,people’s republic of china
2203,kochi
2204,caesium
2205,eagle palms
2206,climate
2207,fall of france
2208,battle of normandy
2209,jack kerouac
2210,great schism
2211,former yugoslav republic of macedonia
2212,californium
2213,ho
2214,samarium
2215,white-tailed eagle
2216,stonehenge
2217,bronze age
2218,winston churchill
2219,white cliffs of dover
2220,buckingham palace
2221,isambard kingdom brunel
2222,national parks of england and wales
2223,york
2224,london underground
2225,†
2226,mars reconnaissance orbiter
2227,the netherlands
2228,european union
2229,queen mary i
2230,"king james i, also known as king james vi of scotland"
2231,king henry viii
2232,karl popper
2233,actress
2234,educational
2235,"newark, new jersey"
2236,thulium
2237,parliament
2238,15
2239,list
2240,biodiesel
2241,"baltimore, maryland"
2242,cambridge university
2243,j. j. thomson
2244,primary languages
2245,literacy
2246,declaration of independence
2247,civil war
2248,constitution
2249,bill of rights
2250,separation of powers
2251,legislative branch
2252,house
2253,executive branch
2254,supreme court
2255,rocky
2256,mississippi
2257,colorado
2258,national park system
2259,wall street
2260,household income
2261,american english
2262,popular
2263,trinity
2264,tsar bomba
2265,turdidae
2266,franks
2267,hm queen elizabeth ii
2268,us dollar
2269,dwight eisenhower
2270,tb
2271,sitting bull
2272,amtrak
2273,pan
2274,jurassic
2275,section below
2276,miami
2277,ska
2278,albert einstein
2279,stephen hawking
2280,gravitation
2281,human race
2282,eu25
2283,uup
2284,dice
2285,trees
2286,flowers
2287,republic of korea
2288,persia
2289,empire of japan
2290,beryllium
2291,italian war of 1521
2292,cheese
2293,erwin rommel (absent)
2294,athenian
2295,essential oil
2296,folk
2297,parliamentary system
2298,western front
2299,first world war
2300,political society
2301,bacon
2302,extinct
2303,j adams
2304,jefferson
2305,monroe
2306,jackson
2307,van buren
2308,w harrison
2309,tyler
2310,polk
2311,taylor
2312,fillmore
2313,pierce
2314,buchanan
2315,a johnson
2316,hayes
2317,garfield
2318,arthur
2319,b harrison
2320,mckinley
2321,t roosevelt
2322,taft
2323,harding
2324,coolidge
2325,hoover
2326,f roosevelt
2327,truman
2328,eisenhower
2329,kennedy
2330,l johnson
2331,nixon
2332,ford
2333,carter
2334,reagan
2335,ghw bush
2336,gw bush
2337,latin america
2338,lady beetle
2339,stag beetle
2340,józef piłsudski
2341,joseph stalin
2342,paleocene
2343,union
2344,napoleon i
2345,gb£
2346,aleksandr vasilyevskiy
2347,aleksandr vasilevsky
2348,§7
2349,new zealand
2350,south korea
2351,united kingdom
2352,aircraft carriers
2353,planes
2354,urban pop
2355,autocratic
2356,atheist
2357,william of normandy
2358,santiago de chile
2359,andriyivskyy descent
2360,danish krags
2361,us krags
2362,norwegian krags
2363,konrad lorenz
2364,co2
2365,smith
2366,trotsky
2367,guevara
2368,falco (part)
2369,citrus
2370,nirvana
2371,titi alakija
2372,congo-brazzaville
2373,congo-kinshasa
2374,kierkegaard
2375,the drc
2376,continent
2377,united states virgin islands
2378,f.b.i. director
2379,the university of texas at austin
2380,smoking
2381,"houston, texas"
2382,macbeth
2383,forrest gump
2384,seinfeld
2385,mummy
2386,sovereign states
2387,uk parliament
2388,congo (drc)
2389,cast and characters
2390,donald bradman
2391,harry potter
2392,wikisource
2393,akrotiri and dhekelia
2394,british pound
2395,"bahamas, the"
2396,british indian ocean territory
2397,"china, people’s republic of"
2398,jiao
2399,"congo, democratic republic of the"
2400,"congo, republic of the"
2401,côte d’ivoire
2402,"gambia, the"
2403,japanese yen
2404,sen
2405,"korea, north"
2406,"korea, south"
2407,"macedonia, republic of"
2408,northern cyprus
2409,palestine
2410,taiwan (republic of china)
2411,louis xiv
2412,howland island
2413,jarvis island
2414,kingman reef
2415,midway atoll
2416,palmyra atoll
2417,wake island
2418,philosophers
2419,mathematical analysis
2420,mahatma gandhi
2421,quantum chemistry
2422,nobel peace prize
2423,quantum mechanics
2424,alphabet
2425,åland islands
2426,anatomy
2427,visual arts
2428,engineering
2429,paleontology
2430,trumpeter
2431,alcohol
2432,british east india company
2433,william pitt the younger
2434,napoleonic wars
2435,gold standard
2436,the duke of wellington
2437,sir robert peel
2438,poor law
2439,crimean war
2440,east india company
2441,benjamin disraeli
2442,the marquess of salisbury
2443,partition of africa
2444,house of commons
2445,house of lords
2446,stanley baldwin
2447,enfranchisement
2448,treaty of versailles
2449,suez canal
2450,northern ireland's
2451,north sea oil
2452,trade unions
2453,minimum wage
2454,iraq war
2455,uuq
2456,frenchmen
2457,belgians
2458,dutchmen
2459,poles
2460,austrians
2461,croatians
2462,napoleon i of france
2463,austerlitz
2464,french southern territories
2465,above
2466,meteor showers
2467,astrology
2468,automobile
2469,most christian majesty
2470,cerium
2471,jan mayen
2472,macedonia
2473,lr
2474,politics of the uk
2475,ivan
2476,2003
2477,2005
2478,2004
2479,lake baikal
2480,55 cancri a
2481,polish-lithuanian commonwealth
2482,welsh
2483,uuh
2484,benjamin britten
2485,imperial china
2486,renminbi yuan
2487,#geography and climate
2488,běijīng
2489,shànghǎi
2490,ipod
2491,dimetrodon
2492,česká republika
2493,9th century
2494,benedict xvi
2495,c++
2496,phosphorus trichloride
2497,james monroe
2498,james k. polk
2499,theodore roosevelt
2500,woodrow wilson
2501,perl
2502,disulfide
2503,ordovician
2504,bryophyta
2505,pteridophyta
2506,third polish republic
2507,neodymium
2508,pbr3
2509,pythagoras
2510,university of bristol
2511,schrödinger equation
2512,planck
2513,bohr
2514,von neumann
2515,feynman
2516,ukulele
2517,ds
2518,niagara falls
2519,jane austen
2520,abbasid caliphate
2521,islamic republic of iran
2522,hippotigris
2523,charge
2524,tigers
2525,"san jose, california"
2526,atp tour world championship
2527,john paul ii
2528,garden
2529,falco
2530,history of the party
2531,african penguin
2532,krill
2533,magellanic penguin
2534,emperor penguins
2535,stratford-upon-avon
2536,pitt
2537,brown
2538,marshall plan
2539,erection of the berlin wall
2540,invasion of grenada
2541,peaceful coexistence
2542,space race
2543,the earl of beaconsfield
2544,all you need is love
2545,19th century
2546,william ii rufus
2547,henry i beauclerc
2548,red kite
2549,multi-lingual
2550,jimmy wales
2551,william i the conqueror
2552,erik möller
2553,wikispecies
2554,wikinews
2555,↓
2556,congress
2557,13th
2558,düsseldorf
2559,kyiv
2560,rio de janeiro
2561,st. petersburg
2562,tel aviv
2563,cardiff
2564,cave
2565,aberystwyth
2566,buckingham house
2567,al `uyūn (العيون)
2568,trench warfare
2569,northeastern france
2570,trenches
2571,john pershing
2572,bison
2573,expressionism
2574,d-day
2575,atom bomb
